Gm,Date,Team,Time of Pos,1st Downs,Rushing,Passing,Penalty,3rd Down Conv,4th Down Conv,Total Net Yards,Total Plays,Avg Gain,Net Yards Rushing,Rush Attempts,Avg Rush Yards,Net Yards Passing,Comp. - Att.,Yards Per Pass,Sacked - Yards Lost,Penalties - Yards,Touchdowns,Rushing TDs,Passing TDs,Other,Turnovers,Fumbles - Lost,Int. Thrown,Punts - Avg,Return Yards,Punts - Returns,Kickoffs - Returns,Int. - Returns,Kicking,Extra Points,Field Goals,Red Zone Eff.,Goal to Go Eff.,Safeties
20180906_ATL@PHI,20180906,ATL,27:50,16,4,9,3,4-15,0-1,299,65,4.6,74,18,4.1,225,21-43,5.2,4-26,15-135,1,1,0,0,1,1-0,1,6-42.8,11,2-11,0-0,1-0,2/3,0/1,2/2,1-5,1-4,0
20180906_ATL@PHI,20180906,PHI,32:10,18,7,6,5,8-16,0-0,232,64,3.6,113,27,4.2,119,20-35,3.4,2-13,11-101,2,2,0,0,2,2-1,1,6-47.0,72,4-29,2-43,1-0,2/2,1/1,1/1,2-3,1-2,0
20180909_BUF@BAL,20180909,BUF,24:46,10,3,5,2,2-15,0-1,153,61,2.5,83,22,3.8,70,11-33,2.1,6-28,10-100,0,0,0,0,2,1-0,2,8-42.9,184,3-19,5-165,0-0,1/2,0/0,1/2,0-1,0-1,0
20180909_BUF@BAL,20180909,BAL,35:14,26,11,13,2,6-14,0-0,369,74,5.0,117,34,3.4,252,26-38,6.6,2-8,9-78,6,3,3,0,1,4-1,0,5-47.6,78,6-54,1-24,2-0,7/7,5/5,2/2,6-6,5-5,0
20180909_PIT@CLE,20180909,PIT,35:12,25,7,17,1,7-15,0-0,472,80,5.9,159,35,4.5,313,23-41,7.6,4-22,12-116,3,2,1,0,6,3-3,3,7-37.1,125,5-56,3-69,1-0,3/4,3/3,0/1,2-3,2-2,0
20180909_PIT@CLE,20180909,CLE,34:48,22,10,6,6,5-18,0-1,327,85,3.8,177,38,4.7,150,15-40,3.8,7-47,11-87,3,2,1,0,1,1-0,1,12-37.2,61,1-15,3-46,3-0,3/4,3/3,0/1,2-3,1-1,0
20180909_CIN@IND,20180909,CIN,27:12,19,5,11,3,4-8,0-0,330,50,6.6,101,20,5.1,229,21-28,8.2,2-14,8-94,4,1,2,1,2,2-1,1,2-48.0,41,1--1,2-42,1-0,6/6,4/4,2/2,2-2,2-2,0
20180909_CIN@IND,20180909,IND,32:48,24,4,17,3,11-17,0-0,380,77,4.9,75,22,3.4,305,39-53,5.8,2-14,7-91,2,0,2,0,2,1-1,1,2-48.0,54,1-0,2-54,1-0,5/6,2/2,3/4,1-3,1-3,0
20180909_TEN@MIA,20180909,TEN,29:35,19,4,13,2,6-14,0-2,336,67,5.0,116,29,4.0,220,20-38,5.8,0-0,5-48,2,1,0,1,3,0-0,3,4-44.5,165,2-44,2-121,2-0,4/4,2/2,2/2,1-2,1-2,0
20180909_TEN@MIA,20180909,MIA,30:25,18,7,9,2,2-10,0-1,343,58,5.9,121,29,4.2,222,20-28,7.9,1-8,7-51,3,0,2,1,2,0-0,2,4-32.8,126,2-1,2-125,3-0,5/5,3/3,2/2,1-5,1-2,0
20180909_SF@MIN,20180909,SF,28:51,20,6,10,4,5-13,0-0,327,61,5.4,90,25,3.6,237,15-33,7.2,3-24,3-21,1,0,1,0,4,2-1,3,4-41.8,14,2-14,0-0,0-0,4/4,1/1,3/3,1-4,0-2,0
20180909_SF@MIN,20180909,MIN,31:09,19,3,15,1,7-17,0-1,343,71,4.8,116,32,3.6,227,20-36,6.3,3-17,7-52,2,0,2,0,1,1-1,0,6-36.0,7,3-7,0-0,3-0,4/4,3/3,1/1,1-2,1-1,0
20180909_HOU@NE,20180909,HOU,28:50,21,10,8,3,2-11,0-1,325,72,4.5,167,34,4.9,158,17-35,4.5,3-18,6-44,2,1,1,0,2,1-1,1,6-38.3,176,2-20,5-156,1-0,4/4,2/2,2/2,2-5,2-2,0
20180909_HOU@NE,20180909,NE,31:10,23,5,16,2,4-14,1-1,389,72,5.4,122,31,3.9,267,26-39,6.8,2-10,6-36,3,0,3,0,3,3-2,1,6-43.5,19,1-0,1-19,1-0,5/5,3/3,2/2,3-4,1-1,0
20180909_TB@NO,20180909,TB,32:09,26,5,17,4,8-13,0-0,529,62,8.5,112,34,3.3,417,21-28,14.9,0-0,7-70,6,1,4,1,0,1-0,0,1-42.0,52,3-19,2-33,0-0,8/9,6/6,2/3,2-4,1-2,0
20180909_TB@NO,20180909,NO,27:51,26,5,19,2,4-9,1-1,475,59,8.1,43,13,3.3,432,37-45,9.6,1-7,8-77,5,2,3,0,2,2-2,0,3-45.7,69,1-0,3-69,0-0,4/4,3/3,1/1,4-5,1-1,0
20180909_JAC@NYG,20180909,JAC,29:31,17,4,13,0,4-13,0-0,305,62,4.9,137,28,4.9,168,18-33,5.1,1-8,11-119,1,0,1,0,1,0-0,1,7-37.1,55,2-10,2-45,1-0,5/5,3/3,2/2,1-2,1-1,0
20180909_JAC@NYG,20180909,NYG,30:29,15,3,8,4,4-13,0-2,324,62,5.2,114,23,5.0,210,23-37,5.7,2-14,6-43,1,1,0,0,2,1-1,1,5-43.4,19,3-4,1-15,1-0,3/3,0/0,3/3,0-2,0-1,0
20180909_KC@LAC,20180909,KC,25:34,19,7,10,2,4-10,0-0,362,55,6.6,106,27,3.9,256,15-27,9.5,1-0,6-50,5,0,4,1,0,0-0,0,5-52.2,128,2-95,2-33,1-0,7/7,6/6,1/1,2-2,2-2,0
20180909_KC@LAC,20180909,LAC,34:26,33,7,23,3,3-11,1-1,541,74,7.3,123,22,5.6,418,34-51,8.2,1-6,7-45,3,0,3,0,2,2-1,1,3-16.3,31,2--5,2-36,0-0,2/3,0/0,2/3,2-2,1-1,0
20180909_WAS@ARI,20180909,WAS,38:08,30,10,13,7,6-13,1-1,429,75,5.7,182,42,4.3,247,21-30,8.2,3-8,9-63,3,1,2,0,1,3-1,0,4-35.5,36,2-12,2-24,1-0,4/4,3/3,1/1,3-4,1-1,0
20180909_WAS@ARI,20180909,ARI,21:52,14,7,6,1,1-8,0-1,213,51,4.2,68,15,4.5,145,20-34,4.3,2-8,9-67,1,1,0,0,2,1-1,1,5-46.2,44,2-44,0-0,0-0,0/0,0/0,0/0,1-2,1-2,0
20180909_DAL@CAR,20180909,DAL,29:24,17,4,10,3,2-11,0-1,232,57,4.1,94,22,4.3,138,19-29,4.8,6-32,10-85,1,1,0,0,1,1-1,0,6-38.5,13,2-13,0-0,0-0,0/1,0/0,0/1,1-1,0-0,0
20180909_DAL@CAR,20180909,CAR,30:36,20,9,9,2,4-12,0-0,293,61,4.8,147,32,4.6,146,17-26,5.6,3-15,9-80,2,2,0,0,1,2-1,0,6-42.3,62,4-62,0-0,0-0,2/3,1/2,1/1,2-5,2-2,0
20180909_SEA@DEN,20180909,SEA,24:52,13,1,10,2,2-12,0-0,306,55,5.6,64,16,4.0,242,19-33,7.3,6-56,7-45,3,0,3,0,3,3-1,2,6-57.5,50,3-11,2-39,3-0,4/5,3/3,1/2,1-2,0-1,0
20180909_SEA@DEN,20180909,DEN,35:08,25,8,15,2,4-12,0-0,470,72,6.5,146,32,4.6,324,25-39,8.3,1-5,7-60,3,0,3,0,3,0-0,3,6-42.7,9,2-9,0-0,2-0,5/5,3/3,2/2,1-1,1-1,0
20180909_CHI@GB,20180909,CHI,33:22,18,7,8,3,7-17,0-2,294,66,4.5,139,27,5.1,155,23-35,4.4,4-16,5-35,1,1,0,0,1,2-1,0,4-46.0,63,2-45,1-18,1-0,6/6,3/3,3/3,1-4,1-2,0
20180909_CHI@GB,20180909,GB,26:38,16,2,14,0,5-13,0-1,370,59,6.3,69,18,3.8,301,24-37,8.1,4-40,8-72,3,0,3,0,2,2-1,1,4-36.8,85,1-17,3-68,0-0,4/4,3/3,1/1,1-2,0-1,0
20180910_NYJ@DET,20180910,NYJ,33:07,18,7,10,1,6-14,2-3,349,59,5.9,169,36,4.7,180,16-21,8.6,2-18,7-49,5,2,2,1,2,1-1,1,3-37.3,182,3-137,2-45,5-0,10/10,8/8,2/2,1-4,1-2,0
20180910_NYJ@DET,20180910,DET,26:53,20,2,15,3,3-13,0-2,339,67,5.1,39,15,2.6,300,29-52,5.8,0-0,3-15,1,0,1,0,5,0-0,5,3-5.0,0,0-0,0-0,1-0,4/6,3/3,1/3,0-2,0-1,0
20180910_LAR@OAK,20180910,LAR,28:29,23,8,13,2,4-11,0-0,365,60,6.1,140,26,5.4,225,18-33,6.8,1-8,8-70,2,0,2,0,0,1-0,0,2-53.5,87,2-12,3-75,3-0,7/8,3/3,4/5,2-5,1-3,0
20180910_LAR@OAK,20180910,OAK,31:31,20,7,11,2,5-11,0-0,395,64,6.2,95,23,4.1,300,29-40,7.5,1-3,11-155,1,1,0,0,3,0-0,3,4-41.5,10,1-10,0-0,0-0,3/3,1/1,2/2,1-2,1-2,0
Gm,Date,Team,Time of Pos,1st Downs,Rushing,Passing,Penalty,3rd Down Conv,4th Down Conv,Total Net Yards,Total Plays,Avg Gain,Net Yards Rushing,Rush Attempts,Avg Rush Yards,Net Yards Passing,Comp. - Att.,Yards Per Pass,Sacked - Yards Lost,Penalties - Yards,Touchdowns,Rushing TDs,Passing TDs,Other,Turnovers,Fumbles - Lost,Int. Thrown,Punts - Avg,Return Yards,Punts - Returns,Kickoffs - Returns,Int. - Returns,Kicking,Extra Points,Field Goals,Red Zone Eff.,Goal to Go Eff.,Safeties
20180913_BAL@CIN,20180913,BAL,28:10,28,5,20,3,7-16,2-4,425,81,5.2,66,22,3.0,359,32-55,6.5,4-17,7-51,3,1,2,0,3,2-1,2,3-41.7,30,1--2,1-32,0-0,3/3,2/2,1/1,3-3,2-2,0
20180913_BAL@CIN,20180913,CIN,31:50,24,6,14,4,5-13,0-0,373,70,5.3,108,28,3.9,265,24-42,6.3,0-0,9-92,4,0,4,0,0,1-0,0,6-40.5,80,2-24,3-56,2-0,6/6,4/4,2/2,3-4,3-3,0
20180916_CAR@ATL,20180916,CAR,30:18,27,6,20,1,5-11,1-1,439,65,6.8,121,18,6.7,318,32-45,7.1,2-17,7-49,3,0,3,0,1,0-0,1,4-47.0,35,2-9,1-26,1-0,4/4,3/3,1/1,2-2,2-2,0
20180916_CAR@ATL,20180916,ATL,29:42,23,10,12,1,6-11,0-0,442,60,7.4,170,32,5.3,272,23-28,9.7,0-0,2-26,4,2,2,0,1,3-0,1,4-37.5,53,1-3,2-50,1-0,5/5,4/4,1/1,4-4,1-1,0
20180916_LAC@BUF,20180916,LAC,33:02,21,5,16,0,3-9,0-0,349,55,6.3,109,26,4.2,240,23-27,8.9,2-16,6-45,4,1,3,0,0,2-0,0,5-39.8,42,3-17,1-25,2-0,5/5,4/4,1/1,3-4,1-2,0
20180916_LAC@BUF,20180916,BUF,26:58,17,5,10,2,5-14,0-0,293,60,4.9,84,22,3.8,209,18-33,6.3,5-36,6-31,2,1,1,0,2,1-0,2,5-37.2,54,1-6,2-48,0-0,4/4,2/2,2/2,2-3,2-2,0
20180916_MIN@GB,20180916,MIN,27:19,24,3,20,1,7-14,0-0,480,68,7.1,68,18,3.8,412,35-48,8.6,2-13,8-70,4,0,4,0,1,0-0,1,5-36.8,87,1-13,2-74,0-0,3/6,3/3,0/3,2-3,1-1,0
20180916_MIN@GB,20180916,GB,32:41,24,9,11,4,4-13,0-0,351,70,5.0,98,24,4.1,253,30-42,6.0,4-28,7-54,1,0,1,0,0,2-0,0,5-45.2,8,2-0,1-8,1-0,7/8,2/2,5/6,1-5,1-1,0
20180916_CLE@NO,20180916,CLE,27:19,16,4,10,2,4-12,1-2,327,60,5.5,93,27,3.4,234,22-30,7.8,3-12,4-43,2,1,1,0,1,3-0,1,3-39.3,82,1-0,3-82,0-0,2/6,0/2,2/4,1-1,1-1,0
20180916_CLE@NO,20180916,NO,32:41,18,4,11,3,3-12,0-0,275,61,4.5,62,23,2.7,213,28-35,6.1,3-30,4-53,2,0,2,0,2,2-2,0,4-44.8,47,1-0,1-47,1-0,3/4,1/1,2/3,2-4,2-3,0
20180916_MIA@NYJ,20180916,MIA,28:25,18,6,9,3,6-13,0-0,257,58,4.4,135,31,4.4,122,17-23,5.3,4-46,2-10,3,1,2,0,2,3-2,0,6-48.5,82,3-48,1-34,2-0,2/3,2/3,0/0,2-3,0-0,0
20180916_MIA@NYJ,20180916,NYJ,31:35,21,3,17,1,3-10,0-0,362,63,5.7,42,19,2.2,320,25-41,7.8,3-14,7-50,1,0,1,0,3,4-1,2,5-43.0,4,1-4,0-0,0-0,2/3,0/1,2/2,0-2,0-0,0
20180916_KC@PIT,20180916,KC,27:49,24,4,17,3,2-5,0-0,449,54,8.3,127,25,5.1,322,23-28,11.5,1-4,12-76,6,0,6,0,1,3-1,0,2-47.0,54,2-54,0-0,0-0,6/6,6/6,0/0,4-4,2-2,0
20180916_KC@PIT,20180916,PIT,32:11,33,2,25,6,3-11,2-2,475,74,6.4,33,13,2.5,442,39-60,7.4,1-10,12-90,5,2,3,0,0,1-0,0,5-31.6,73,1-6,4-67,0-0,3/5,3/4,0/1,4-4,3-3,1
20180916_PHI@TB,20180916,PHI,35:39,24,8,14,2,5-15,3-5,412,75,5.5,91,24,3.8,321,35-48,6.7,3-13,6-55,3,2,1,0,2,2-2,0,5-46.2,13,3-13,0-0,1-0,3/4,3/3,0/1,3-3,2-2,0
20180916_PHI@TB,20180916,TB,24:21,18,1,17,0,4-10,0-0,436,58,7.5,43,23,1.9,393,27-33,11.9,2-9,4-44,4,0,4,0,2,1-1,1,6-41.2,42,4-29,1-13,0-0,3/4,3/4,0/0,2-2,1-1,0
20180916_HOU@TEN,20180916,HOU,29:38,21,6,13,2,5-11,0-0,437,62,7.0,148,26,5.7,289,22-32,9.0,4-21,11-88,2,0,2,0,1,2-0,1,4-35.5,25,4-25,0-0,0-0,3/4,2/2,1/2,0-1,0-1,0
20180916_HOU@TEN,20180916,TEN,30:22,15,7,7,1,5-15,2-2,283,57,5.0,100,34,2.9,183,15-22,8.3,1-8,8-70,2,0,2,0,0,1-0,0,5-47.2,2,1-2,0-0,1-0,4/4,2/2,2/2,1-2,0-0,0
20180916_IND@WAS,20180916,IND,26:40,17,5,10,2,9-16,0-0,281,60,4.7,104,28,3.7,177,21-31,5.7,1-2,6-26,3,1,2,0,2,0-0,2,5-41.8,19,0-0,1-19,0-0,3/3,3/3,0/0,3-3,1-1,0
20180916_IND@WAS,20180916,WAS,33:20,20,4,16,0,5-15,1-2,334,71,4.7,65,22,3.0,269,33-46,5.8,3-23,7-90,0,0,0,0,1,2-1,0,5-36.4,22,1-6,1-16,2-0,3/4,0/0,3/4,0-2,0-0,0
20180916_ARI@LAR,20180916,ARI,25:52,5,1,4,0,3-12,1-1,137,43,3.2,54,15,3.6,83,17-27,3.1,1-7,9-47,0,0,0,0,1,0-0,1,8-33.8,49,0-0,3-49,1-0,0/0,0/0,0/0,0-0,0-0,0
20180916_ARI@LAR,20180916,LAR,34:08,24,8,14,2,8-15,1-3,432,67,6.4,90,33,2.7,342,24-32,10.7,2-12,5-49,4,3,1,0,1,0-0,1,2-41.0,155,6-133,1-22,1-0,2/2,1/1,1/1,4-6,2-3,0
20180916_DET@SF,20180916,DET,30:26,25,5,17,3,7-16,0-1,427,73,5.8,98,18,5.4,329,34-53,6.2,2-18,10-105,3,0,3,0,1,1-1,0,5-39.4,155,4-11,5-144,0-0,5/5,3/3,2/2,2-4,2-2,0
20180916_DET@SF,20180916,SF,29:34,23,6,13,4,3-11,0-0,346,60,5.8,190,28,6.8,156,18-26,6.0,6-50,9-86,3,1,2,0,0,1-0,0,5-43.2,188,2-14,5-174,0-0,6/6,3/3,3/3,2-5,1-2,0
20180916_OAK@DEN,20180916,OAK,32:56,21,3,16,2,3-10,0-1,373,60,6.2,91,27,3.4,282,29-32,8.8,1-7,4-30,2,1,1,0,0,0-0,0,4-47.3,22,1-7,0-0,1-15,3/4,1/2,2/2,1-2,0-0,0
20180916_OAK@DEN,20180916,DEN,27:04,20,10,9,1,8-16,1-1,385,64,6.0,168,28,6.0,217,19-35,6.2,1-5,6-35,2,2,0,0,1,0-0,1,4-51.0,1,1-1,0-0,0-0,4/4,2/2,2/2,2-4,0-0,0
20180916_NE@JAC,20180916,NE,29:14,18,5,12,1,4-12,0-0,302,61,5.0,81,24,3.4,221,24-35,6.3,2-14,2-25,2,0,2,0,1,1-1,0,4-55.3,47,0-0,2-47,1-0,4/5,2/2,2/3,1-2,0-0,0
20180916_NE@JAC,20180916,JAC,30:46,27,5,22,0,10-14,0-0,480,69,7.0,103,24,4.3,377,29-45,8.4,0-0,7-71,4,0,4,0,2,2-1,1,3-35.3,57,2-20,3-37,0-0,5/5,4/4,1/1,2-3,0-0,0
20180916_NYG@DAL,20180916,NYG,32:12,17,6,11,0,8-17,2-2,255,67,3.8,35,17,2.1,220,33-44,5.0,6-59,3-24,1,0,1,0,1,1-1,0,6-40.0,70,3-14,2-56,0-0,3/3,1/1,2/2,1-2,0-1,0
20180916_NYG@DAL,20180916,DAL,27:48,16,9,6,1,3-10,1-1,298,50,6.0,138,25,5.5,160,16-25,6.4,0-0,6-47,2,1,1,0,0,1-0,0,4-39.8,0,1-0,0-0,0-0,4/4,2/2,2/2,1-3,0-0,0
20180917_SEA@CHI,20180917,SEA,25:36,17,6,10,1,5-13,0-0,276,64,4.3,74,22,3.4,202,22-36,5.6,6-24,5-37,2,0,2,0,2,3-1,1,7-36.9,14,1-14,0-0,2-0,3/3,2/2,1/1,2-2,1-1,0
20180917_SEA@CHI,20180917,CHI,34:24,20,7,11,2,5-12,1-1,271,63,4.3,86,27,3.2,185,25-34,5.4,2-15,7-55,2,0,2,0,2,0-0,2,4-38.8,73,4-58,2-15,1-0,4/4,3/3,1/1,2-3,2-2,0
Gm,Date,Team,Time of Pos,1st Downs,Rushing,Passing,Penalty,3rd Down Conv,4th Down Conv,Total Net Yards,Total Plays,Avg Gain,Net Yards Rushing,Rush Attempts,Avg Rush Yards,Net Yards Passing,Comp. - Att.,Yards Per Pass,Sacked - Yards Lost,Penalties - Yards,Touchdowns,Rushing TDs,Passing TDs,Other,Turnovers,Fumbles - Lost,Int. Thrown,Punts - Avg,Return Yards,Punts - Returns,Kickoffs - Returns,Int. - Returns,Kicking,Extra Points,Field Goals,Red Zone Eff.,Goal to Go Eff.,Safeties
20180920_NYJ@CLE,20180920,NYJ,29:08,14,5,9,0,6-15,1-1,268,63,4.3,107,30,3.6,161,15-31,5.2,2-8,6-55,2,2,0,0,3,2-1,2,7-46.3,34,1-12,1-22,0-0,3/3,2/2,1/1,2-3,0-0,0
20180920_NYJ@CLE,20180920,CLE,30:52,20,9,10,1,7-18,0-0,323,74,4.4,133,33,4.0,190,21-37,5.1,4-30,5-41,2,2,0,0,0,2-0,0,8-31.9,39,5-20,1-19,2-0,3/3,1/1,2/2,2-3,2-3,0
20180923_NO@ATL,20180923,NO,33:46,32,11,19,2,7-14,1-1,534,77,6.9,143,27,5.3,391,39-49,8.0,1-5,11-120,5,2,3,0,0,1-0,0,4-42.5,80,3-16,3-64,0-0,7/7,4/4,3/3,5-6,4-5,0
20180923_NO@ATL,20180923,ATL,26:14,24,1,19,4,4-11,0-0,407,60,6.8,48,22,2.2,359,26-35,10.3,3-15,5-54,5,0,5,0,0,0-0,0,6-33.3,86,2-12,3-74,0-0,3/3,3/3,0/0,4-4,3-3,0
20180923_DEN@BAL,20180923,DEN,29:46,18,8,8,2,6-14,0-1,293,61,4.8,120,24,5.0,173,22-34,5.1,3-19,13-120,2,2,0,0,1,1-0,1,7-39.3,72,3-31,2-41,0-0,2/2,2/2,0/0,1-3,1-2,0
20180923_DEN@BAL,20180923,BAL,30:14,20,5,13,2,8-16,0-0,342,70,4.9,77,28,2.8,265,25-40,6.6,2-12,7-52,3,2,1,0,0,1-0,0,5-33.2,90,3-12,3-78,1-0,5/6,3/3,2/3,3-3,2-2,0
20180923_CIN@CAR,20180923,CIN,26:05,25,6,18,1,4-10,0-0,396,61,6.5,66,13,5.1,330,29-46,7.2,2-22,4-36,3,1,2,0,4,0-0,4,3-42.7,9,1-9,0-0,0-0,3/4,3/3,0/1,2-2,2-2,0
20180923_CIN@CAR,20180923,CAR,33:55,23,11,10,2,6-13,0-1,377,66,5.7,230,41,5.6,147,15-24,6.1,1-3,3-17,4,2,2,0,0,1-0,0,4-39.0,4,1-4,0-0,4-0,5/5,4/4,1/1,3-3,3-3,0
20180923_NYG@HOU,20180923,NYG,35:30,21,4,16,1,7-13,0-0,379,60,6.3,114,27,4.2,265,25-29,9.1,4-32,3-20,3,1,2,0,0,2-0,0,4-38.3,51,2-6,4-45,1-0,5/5,3/3,2/2,3-4,1-1,0
20180923_NYG@HOU,20180923,HOU,24:30,21,2,18,1,5-12,2-2,427,62,6.9,59,19,3.1,368,24-40,9.2,3-17,7-50,2,0,2,0,2,1-1,1,3-49.7,86,3-45,2-41,0-0,4/4,1/1,3/3,2-5,2-5,0
20180923_TEN@JAC,20180923,TEN,32:47,15,7,6,2,5-15,0-0,233,59,3.9,150,35,4.3,83,13-21,4.0,3-25,4-30,0,0,0,0,0,0-0,0,6-41.5,26,4-26,0-0,0-0,3/4,0/0,3/4,0-2,0-0,0
20180923_TEN@JAC,20180923,JAC,27:13,12,6,6,0,5-14,0-1,232,56,4.1,87,19,4.6,145,21-34,4.3,3-10,8-75,0,0,0,0,1,2-1,0,6-37.8,36,2-11,1-25,0-0,2/2,0/0,2/2,0-0,0-0,0
20180923_SF@KC,20180923,SF,29:59,26,11,12,3,2-9,2-2,406,63,6.4,178,29,6.1,228,20-30,7.6,4-23,14-147,3,1,2,0,0,3-0,0,4-35.8,24,1-1,1-23,0-0,3/4,1/2,2/2,2-3,1-2,0
20180923_SF@KC,20180923,KC,30:01,31,9,15,7,7-11,1-1,384,68,5.6,77,28,2.8,307,24-38,8.1,2-7,6-48,5,2,3,0,0,2-0,0,2-43.0,30,1-5,1-25,0-0,6/6,5/5,1/1,5-6,3-3,0
20180923_OAK@MIA,20180923,OAK,38:31,25,5,17,3,7-13,0-1,434,74,5.9,109,32,3.4,325,27-39,8.3,3-20,8-38,2,1,1,0,2,1-0,2,3-37.3,50,3-11,2-39,0-0,4/4,2/2,2/2,2-5,1-3,0
20180923_OAK@MIA,20180923,MIA,21:29,13,2,11,0,2-8,0-0,373,39,9.6,41,14,2.9,332,18-24,13.8,1-9,9-74,4,0,4,0,0,0-0,0,6-41.8,105,0-0,4-105,2-0,4/4,4/4,0/0,1-1,0-0,0
20180923_BUF@MIN,20180923,BUF,35:45,16,7,6,3,4-13,1-1,292,63,4.6,128,38,3.4,164,15-22,7.5,3-32,12-84,3,2,1,0,0,3-0,0,6-43.2,13,1-13,0-0,1-0,5/5,3/3,2/2,2-3,1-1,0
20180923_BUF@MIN,20180923,MIN,24:15,21,1,17,3,5-14,0-1,292,65,4.5,14,6,2.3,278,40-55,5.1,4-18,6-59,1,0,1,0,3,4-2,1,5-45.2,82,1-0,4-82,0-0,0/0,0/0,0/0,1-1,1-1,0
20180923_IND@PHI,20180923,IND,19:40,14,3,9,2,2-12,1-2,209,56,3.7,68,13,5.2,141,25-41,3.4,2-23,11-77,1,0,1,0,0,0-0,0,5-43.4,37,1-2,2-35,1-0,4/4,1/1,3/3,1-5,1-1,0
20180923_IND@PHI,20180923,PHI,40:20,26,10,12,4,6-14,0-0,379,77,4.9,152,35,4.3,227,25-37,6.1,5-28,10-110,2,1,1,0,2,4-1,1,3-42.0,38,4-5,2-33,0-0,4/5,2/2,2/3,2-4,0-2,0
20180923_GB@WAS,20180923,GB,30:55,19,7,11,1,6-14,0-2,340,66,5.2,100,17,5.9,240,27-45,5.3,4-25,11-115,2,0,2,0,1,2-1,0,5-44.6,54,4-29,1-25,1-0,3/3,2/2,1/1,1-2,1-1,0
20180923_GB@WAS,20180923,WAS,29:05,20,9,7,4,5-11,0-0,386,55,7.0,166,35,4.7,220,12-20,11.0,0-0,6-66,4,2,2,0,1,0-0,1,5-41.2,42,1-9,2-33,0-0,5/5,4/4,1/1,3-5,3-3,0
20180923_LAC@LAR,20180923,LAC,25:44,16,7,9,0,7-13,1-2,356,52,6.8,141,20,7.1,215,18-30,7.2,2-11,4-30,3,1,2,0,2,2-2,0,3-31.3,44,1-11,1-33,1-0,3/4,2/3,1/1,2-4,0-1,0
20180923_LAC@LAR,20180923,LAR,34:16,33,12,18,3,8-11,0-0,521,72,7.2,171,35,4.9,350,29-36,9.7,1-4,6-64,4,1,3,0,2,1-1,1,1-38.0,83,2-8,3-75,0-0,5/6,5/5,0/1,3-4,3-3,0
20180923_CHI@ARI,20180923,CHI,36:21,21,7,11,3,5-14,1-1,316,69,4.6,122,31,3.9,194,24-35,5.5,3-26,7-45,1,1,0,0,2,1-1,1,3-43.7,24,2-24,0-0,3-0,4/5,1/1,3/4,1-3,1-2,0
20180923_CHI@ARI,20180923,ARI,23:39,13,3,8,2,3-10,0-1,221,48,4.6,53,18,2.9,168,17-26,6.5,4-25,6-43,2,0,2,0,4,2-1,3,4-39.8,7,2-7,0-0,1-0,2/2,2/2,0/0,0-0,0-0,0
20180923_DAL@SEA,20180923,DAL,27:16,17,7,8,2,3-13,1-2,303,58,5.2,166,19,8.7,137,19-34,4.0,5-31,7-55,1,0,1,0,3,1-1,2,5-43.0,101,4-20,3-81,0-0,3/3,1/1,2/2,1-3,1-1,0
20180923_DAL@SEA,20180923,SEA,32:44,18,6,10,2,7-16,0-0,295,67,4.4,113,39,2.9,182,16-26,7.0,2-10,10-67,3,1,2,0,0,1-0,0,8-41.3,91,3-25,3-66,2-0,4/4,3/3,1/1,2-2,1-1,0
20180923_NE@DET,20180923,NE,20:45,12,7,4,1,2-9,0-1,209,47,4.4,89,19,4.7,120,14-26,4.6,2-13,5-38,1,0,1,0,1,0-0,1,5-37.8,131,0-0,5-131,1-0,2/2,1/1,1/1,1-2,0-0,0
20180923_NE@DET,20180923,DET,39:15,25,8,16,1,7-14,0-0,414,70,5.9,159,33,4.8,255,27-36,7.1,1-7,6-70,2,0,2,0,1,1-0,1,2-45.0,28,3-28,0-0,1-0,6/6,2/2,4/4,1-4,1-2,0
20180924_PIT@TB,20180924,PIT,30:21,22,3,16,3,3-11,0-0,413,63,6.6,78,22,3.5,335,30-38,8.8,3-18,13-155,3,0,3,0,1,1-0,1,5-41.6,37,1-16,1-21,3-0,4/6,3/4,1/2,1-1,1-1,0
20180924_PIT@TB,20180924,TB,29:39,28,2,22,4,3-9,1-1,455,69,6.6,63,16,3.9,392,30-50,7.8,3-19,9-80,3,0,3,0,4,1-1,3,3-36.7,68,1-0,5-68,1-0,5/5,3/3,2/2,2-5,2-4,0
Gm,Date,Team,Time of Pos,1st Downs,Rushing,Passing,Penalty,3rd Down Conv,4th Down Conv,Total Net Yards,Total Plays,Avg Gain,Net Yards Rushing,Rush Attempts,Avg Rush Yards,Net Yards Passing,Comp. - Att.,Yards Per Pass,Sacked - Yards Lost,Penalties - Yards,Touchdowns,Rushing TDs,Passing TDs,Other,Turnovers,Fumbles - Lost,Int. Thrown,Punts - Avg,Return Yards,Punts - Returns,Kickoffs - Returns,Int. - Returns,Kicking,Extra Points,Field Goals,Red Zone Eff.,Goal to Go Eff.,Safeties
20180927_MIN@LAR,20180927,MIN,32:14,25,3,22,0,8-16,2-2,446,71,6.3,54,17,3.2,392,36-50,7.8,4-30,4-35,3,0,3,0,1,1-1,0,4-38.8,0,0-0,0-0,0-0,5/5,2/2,3/3,2-4,0-0,0
20180927_MIN@LAR,20180927,LAR,27:46,25,4,19,2,1-6,0-1,556,55,10.1,100,20,5.0,456,26-34,13.4,1-9,2-15,5,0,5,0,0,1-0,0,2-35.5,57,1-4,3-53,0-0,6/7,5/5,1/2,2-4,0-1,0
20180930_CIN@ATL,20180930,CIN,30:38,30,6,20,4,7-12,2-2,407,67,6.1,99,23,4.3,308,29-41,7.5,3-29,6-55,5,2,3,0,1,0-0,1,2-15.5,95,1-13,2-82,0-0,5/5,4/4,1/1,4-5,1-2,0
20180930_CIN@ATL,20180930,ATL,29:22,25,4,20,1,11-15,0-1,495,66,7.5,92,24,3.8,403,29-39,10.3,3-16,10-95,4,1,3,0,0,0-0,0,1-28.0,95,0-0,4-95,1-0,6/6,3/3,3/3,3-5,0-2,0
20180930_TB@CHI,20180930,TB,31:54,16,3,12,1,3-12,2-2,311,60,5.2,60,18,3.3,251,25-38,6.6,4-20,11-99,1,0,1,0,3,1-0,3,5-40.0,23,1-2,1-21,0-0,2/2,1/1,1/1,1-3,0-0,0
20180930_TB@CHI,20180930,CHI,28:06,28,10,15,3,4-8,0-0,483,58,8.3,139,31,4.5,344,19-26,13.2,1-10,4-38,6,0,6,0,0,0-0,0,2-47.0,42,3-14,1-28,3-0,8/8,6/6,2/2,4-4,3-3,0
20180930_DET@DAL,20180930,DET,29:55,18,4,14,0,6-11,0-0,382,53,7.2,96,20,4.8,286,24-30,9.5,3-21,8-58,3,1,2,0,0,0-0,0,4-37.8,23,0-0,1-23,0-0,4/4,3/3,1/1,1-2,1-1,0
20180930_DET@DAL,20180930,DAL,30:05,26,10,12,4,5-12,1-1,414,65,6.4,183,35,5.2,231,17-27,8.6,3-24,2-20,2,0,2,0,0,2-0,0,2-39.0,17,0-0,1-17,0-0,6/6,2/2,4/4,1-3,1-2,0
20180930_BUF@GB,20180930,BUF,25:23,11,2,6,3,3-16,0-0,145,56,2.6,58,16,3.6,87,16-33,2.6,7-64,3-20,0,0,0,0,3,1-1,2,8-41.0,36,1--1,2-37,1-0,0/0,0/0,0/0,0-0,0-0,0
20180930_BUF@GB,20180930,GB,34:37,22,9,12,1,11-19,0-1,423,74,5.7,141,32,4.4,282,22-40,7.1,2-16,5-60,2,1,1,0,2,3-1,1,4-38.0,20,5-20,0-0,2-0,4/5,1/2,3/3,2-3,2-2,0
20180930_HOU@IND,20180930,HOU,34:21,30,6,23,1,8-16,1-1,466,84,5.5,119,35,3.4,347,29-42,8.3,7-28,10-54,4,1,2,1,1,0-0,1,5-37.6,89,2-20,4-69,0-0,7/8,4/4,3/4,3-5,3-3,0
20180930_HOU@IND,20180930,IND,25:39,28,3,23,2,10-17,0-1,478,83,5.8,41,17,2.4,437,40-62,7.0,4-27,10-85,4,0,4,0,2,3-2,0,5-40.0,51,1-19,2-32,1-0,4/4,2/2,2/2,4-4,3-3,0
20180930_NYJ@JAC,20180930,NYJ,22:25,10,2,6,2,3-13,0-1,178,51,3.5,34,14,2.4,144,17-34,4.2,3-23,6-43,1,0,1,0,0,0-0,0,7-44.9,47,1-7,3-40,1-0,2/2,0/0,2/2,1-2,1-2,0
20180930_NYJ@JAC,20180930,JAC,37:35,23,5,16,2,6-15,1-1,503,74,6.8,126,34,3.7,377,29-38,9.9,2-11,9-89,3,1,2,0,3,4-2,1,4-44.5,32,4-11,2-21,0-0,5/5,2/2,3/3,1-3,1-1,1
20180930_MIA@NE,20180930,MIA,23:38,11,1,8,2,3-11,1-1,172,45,3.8,56,18,3.1,116,15-25,4.6,2-19,10-89,1,0,1,0,2,1-1,1,7-35.4,64,2-23,2-41,2-0,1/1,1/1,0/0,1-1,0-0,0
20180930_MIA@NE,20180930,NE,36:22,26,10,13,3,10-15,0-0,449,75,6.0,175,40,4.4,274,23-35,7.8,0-0,6-57,5,2,3,0,2,0-0,2,2-28.5,45,5-45,0-0,1-0,6/6,5/5,1/1,3-4,2-3,0
20180930_PHI@TEN,20180930,PHI,29:32,25,6,18,1,5-15,0-0,432,76,5.7,117,22,5.3,315,33-50,6.3,4-33,8-77,2,0,2,0,1,3-1,0,6-40.0,42,2-42,0-0,1-0,5/5,2/2,3/3,1-4,1-1,0
20180930_PHI@TEN,20180930,TEN,30:28,22,3,16,3,5-16,3-3,397,68,5.8,70,22,3.2,327,30-43,7.6,3-17,4-30,3,1,2,0,1,1-0,1,5-38.4,8,2-8,0-0,0-0,4/4,2/2,2/2,3-4,3-3,0
20180930_SEA@ARI,20180930,SEA,31:46,19,11,6,2,0-10,1-2,331,62,5.3,171,34,5.0,160,19-26,6.2,2-12,8-57,2,2,0,0,0,3-0,0,4-42.5,104,4-39,3-65,0-0,4/6,2/2,2/4,1-2,1-1,0
20180930_SEA@ARI,20180930,ARI,28:14,18,6,9,3,5-12,0-0,263,56,4.7,92,28,3.3,171,15-27,6.3,1-9,5-38,2,1,1,0,1,2-1,0,5-42.8,55,1-0,2-55,0-0,3/5,2/2,1/3,2-3,1-1,0
20180930_CLE@OAK,20180930,CLE,27:36,21,6,13,2,5-15,1-1,487,74,6.6,208,31,6.7,279,21-41,6.8,2-16,8-55,5,3,2,0,4,3-2,2,7-36.0,98,2-10,5-88,2-0,4/4,2/2,2/2,2-4,2-3,0
20180930_CLE@OAK,20180930,OAK,32:24,27,6,20,1,5-16,0-1,565,90,6.3,139,29,4.8,426,35-58,7.3,3-11,6-65,4,0,4,0,2,0-0,2,6-39.5,98,5-98,0-0,2-0,7/9,4/4,3/5,4-7,2-2,0
20180930_SF@LAC,20180930,SF,27:34,22,5,13,4,5-12,0-0,364,59,6.2,76,21,3.6,288,23-37,7.8,1-10,4-29,2,0,2,0,2,2-0,2,5-30.6,96,2-5,4-91,1-0,5/5,3/3,2/2,1-4,1-3,0
20180930_SF@LAC,20180930,LAC,32:26,21,6,14,1,4-14,1-1,368,67,5.5,126,27,4.7,242,25-39,6.2,1-8,5-49,3,0,3,0,1,1-0,1,4-42.3,82,4-82,0-0,2-0,3/6,0/2,3/4,2-5,1-3,0
20180930_NO@NYG,20180930,NO,31:00,25,10,12,3,5-13,1-1,389,67,5.8,170,32,5.3,219,19-34,6.4,1-8,5-51,3,3,0,0,0,1-0,0,2-47.5,32,3-15,2-17,0-0,7/7,3/3,4/4,2-6,2-3,0
20180930_NO@NYG,20180930,NYG,29:00,22,3,18,1,5-10,0-0,299,59,5.1,65,15,4.3,234,31-41,5.7,3-21,6-67,2,1,1,0,2,2-2,0,4-42.3,60,0-0,3-60,0-0,2/2,1/1,1/1,2-3,2-2,0
20180930_BAL@PIT,20180930,BAL,35:03,24,6,17,1,8-17,1-1,451,74,6.1,96,30,3.2,355,28-42,8.5,2-8,7-50,2,0,2,0,1,1-1,0,4-38.0,61,1-4,3-57,1-0,6/6,2/2,4/4,1-5,0-1,0
20180930_BAL@PIT,20180930,PIT,24:57,14,1,12,1,2-12,0-1,284,59,4.8,19,11,1.7,265,27-47,5.6,1-9,5-40,1,0,1,0,2,1-1,1,5-40.4,83,1-3,4-80,0-0,2/2,0/0,2/2,0-1,0-0,0
20181001_KC@DEN,20181001,KC,35:02,22,8,13,1,7-15,2-2,446,72,6.2,142,26,5.5,304,28-45,6.8,1-0,10-93,3,2,1,0,0,1-0,0,4-31.5,37,1-37,0-0,1-0,5/5,3/3,2/2,3-5,2-3,0
20181001_KC@DEN,20181001,DEN,24:58,21,10,10,1,2-11,2-3,385,59,6.5,159,22,7.2,226,21-33,6.8,4-19,3-25,2,2,0,0,1,0-0,1,3-28.7,42,1-2,2-40,0-0,5/5,2/2,3/3,2-3,1-1,0
Gm,Date,Team,Time of Pos,1st Downs,Rushing,Passing,Penalty,3rd Down Conv,4th Down Conv,Total Net Yards,Total Plays,Avg Gain,Net Yards Rushing,Rush Attempts,Avg Rush Yards,Net Yards Passing,Comp. - Att.,Yards Per Pass,Sacked - Yards Lost,Penalties - Yards,Touchdowns,Rushing TDs,Passing TDs,Other,Turnovers,Fumbles - Lost,Int. Thrown,Punts - Avg,Return Yards,Punts - Returns,Kickoffs - Returns,Int. - Returns,Kicking,Extra Points,Field Goals,Red Zone Eff.,Goal to Go Eff.,Safeties
20181004_IND@NE,20181004,IND,32:26,26,5,20,1,7-15,2-3,439,81,5.4,84,21,4.0,355,38-59,6.0,1-10,4-35,3,0,3,0,3,1-1,2,3-40.7,53,2-38,1-15,2-0,4/5,3/3,1/2,3-4,1-1,0
20181004_IND@NE,20181004,NE,27:34,26,7,18,1,5-10,0-0,438,67,6.5,97,23,4.2,341,34-44,7.8,0-0,7-50,5,2,3,0,2,0-0,2,4-38.8,46,2-20,1-26,2-0,6/6,5/5,1/1,3-4,3-3,0
20181007_TEN@BUF,20181007,TEN,26:11,15,6,8,1,6-12,0-0,221,53,4.2,100,25,4.0,121,14-26,4.7,2-8,5-40,0,0,0,0,3,3-2,1,2-49.0,72,2-39,1-33,1-0,4/4,0/0,4/4,0-1,0-0,0
20181007_TEN@BUF,20181007,BUF,33:49,18,10,6,2,4-13,2-3,223,64,3.5,144,43,3.3,79,10-20,4.0,1-3,4-30,1,1,0,0,1,0-0,1,4-29.0,35,1-8,1-27,1-0,3/3,1/1,2/2,1-3,0-0,0
20181007_NYG@CAR,20181007,NYG,24:33,18,3,15,0,0-7,1-2,432,54,8.0,50,16,3.1,382,23-37,10.3,1-1,8-62,3,0,3,0,3,2-1,2,2-51.0,118,3-15,3-103,2-0,5/5,2/2,3/3,1-2,0-0,0
20181007_NYG@CAR,20181007,CAR,35:27,21,6,12,3,4-13,1-1,350,67,5.2,118,31,3.8,232,21-35,6.6,1-5,4-22,3,0,2,1,2,1-0,2,3-46.0,-3,1--3,0-0,2-0,7/7,3/3,4/4,1-3,0-0,0
20181007_MIA@CIN,20181007,MIA,29:25,17,5,10,2,4-13,1-1,297,60,5.0,128,22,5.8,169,20-35,4.8,3-16,9-85,2,0,1,1,3,1-1,2,5-38.0,174,3-85,3-89,1-0,3/3,2/2,1/1,0-0,0-0,0
20181007_MIA@CIN,20181007,CIN,30:35,17,3,12,2,2-11,0-0,332,58,5.7,103,26,4.0,229,20-30,7.6,2-19,6-47,2,0,1,1,1,0-0,1,4-22.0,19,2-19,0-0,2-0,5/6,3/3,2/3,1-4,0-1,0
20181007_BAL@CLE,20181007,BAL,28:54,25,10,14,1,4-16,1-1,410,84,4.9,116,25,4.6,294,29-57,5.2,2-4,4-41,0,0,0,0,2,2-1,1,8-40.4,59,5-59,0-0,1-0,3/4,0/0,3/4,0-3,0-1,0
20181007_BAL@CLE,20181007,CLE,31:06,20,6,13,1,6-19,0-1,416,76,5.5,112,28,4.0,304,25-43,7.1,5-38,10-66,1,0,1,0,1,1-0,1,9-41.4,23,3-23,0-0,1-0,2/4,0/1,2/3,1-3,0-1,0
20181007_GB@DET,20181007,GB,33:20,30,6,23,1,3-10,2-2,521,76,6.9,98,20,4.9,423,32-52,8.1,4-19,12-112,3,0,3,0,3,3-3,0,0-0.0,31,2-2,2-29,0-0,1/6,0/1,1/5,3-4,2-3,0
20181007_GB@DET,20181007,DET,26:40,18,6,9,3,5-13,0-0,264,57,4.6,94,28,3.4,170,14-26,6.5,3-13,8-71,4,2,2,0,0,0-0,0,5-45.2,30,0-0,1-30,0-0,5/6,4/4,1/2,4-4,4-4,0
20181007_JAC@KC,20181007,JAC,27:17,29,6,20,3,7-16,3-5,502,83,6.0,101,17,5.9,401,33-61,6.6,5-29,5-45,2,1,1,0,5,1-1,4,3-35.3,36,1-6,2-30,2-0,2/2,2/2,0/0,1-5,0-1,0
20181007_JAC@KC,20181007,KC,32:43,26,6,17,3,4-12,0-0,424,69,6.1,126,30,4.2,298,22-38,7.8,1-15,11-105,2,2,0,0,2,0-0,2,2-55.0,13,1-2,1-11,4-0,6/6,3/3,3/3,2-4,2-4,0
20181007_DEN@NYJ,20181007,DEN,31:06,26,5,19,2,4-14,0-1,436,72,6.1,92,17,5.4,344,35-51,6.7,4-33,6-45,2,0,2,0,1,2-0,1,8-32.3,28,1-1,1-27,1-0,2/2,1/1,1/1,1-4,1-3,0
20181007_DEN@NYJ,20181007,NYJ,28:54,18,11,7,0,6-13,0-0,512,61,8.4,323,38,8.5,189,10-22,8.6,1-9,4-33,4,1,3,0,2,1-1,1,3-37.7,101,4-71,2-30,1-0,6/7,4/4,2/3,1-3,0-0,0
20181007_ATL@PIT,20181007,ATL,30:52,22,4,14,4,6-14,1-3,324,70,4.6,62,19,3.3,262,31-45,5.8,6-43,7-75,2,1,1,0,1,1-1,0,4-29.3,47,2-3,2-44,1-0,3/3,2/2,1/1,1-2,1-1,0
20181007_ATL@PIT,20181007,PIT,29:08,22,9,11,2,9-12,0-0,381,58,6.6,131,29,4.5,250,19-29,8.6,0-0,7-58,6,2,3,1,1,1-0,1,3-46.7,23,0-0,1-23,0-0,5/6,5/6,0/0,4-5,2-3,0
20181007_OAK@LAC,20181007,OAK,25:20,14,3,10,1,4-11,1-1,289,49,5.9,41,13,3.2,248,24-33,7.5,3-20,7-55,1,0,1,0,2,1-1,1,4-40.5,46,1-2,2-44,0-0,2/3,1/1,1/2,1-3,1-3,0
20181007_OAK@LAC,20181007,LAC,34:40,19,4,13,2,7-13,0-0,412,59,7.0,79,31,2.5,333,22-27,12.3,1-6,9-82,3,1,2,0,0,0-0,0,3-42.3,86,4-35,2-51,1-0,4/6,2/3,2/3,2-4,1-2,0
20181007_MIN@PHI,20181007,MIN,32:47,19,5,13,1,4-11,0-0,375,61,6.1,77,23,3.3,298,30-37,8.1,1-3,4-23,2,0,1,1,1,2-1,0,2-39.0,22,2-22,0-0,0-0,5/7,2/2,3/5,1-4,0-1,0
20181007_MIN@PHI,20181007,PHI,27:13,21,4,15,2,2-9,1-1,364,55,6.6,81,17,4.8,283,24-35,8.1,3-28,8-52,2,0,2,0,2,2-2,0,4-41.3,86,0-0,4-86,0-0,3/3,1/1,2/2,2-5,1-2,0
20181007_ARI@SF,20181007,ARI,19:48,10,4,5,1,2-12,0-0,220,49,4.5,56,23,2.4,164,10-25,6.6,1-6,5-46,4,2,1,1,0,1-0,0,8-39.3,0,1-0,0-0,2-0,4/4,4/4,0/0,2-2,1-1,0
20181007_ARI@SF,20181007,SF,40:12,33,9,22,2,10-17,1-2,447,92,4.9,147,34,4.3,300,34-54,5.6,4-49,9-65,3,1,2,0,5,4-3,2,4-39.3,64,3-3,2-61,0-0,0/1,0/0,0/1,3-3,3-3,0
20181007_LAR@SEA,20181007,LAR,29:30,30,9,17,4,3-9,1-1,468,63,7.4,155,30,5.2,313,23-32,9.8,1-8,7-45,4,3,1,0,2,2-0,2,1-41.0,139,1-11,6-128,0-0,5/6,3/4,2/2,4-6,4-6,0
20181007_LAR@SEA,20181007,SEA,30:30,20,8,9,3,7-12,0-0,373,55,6.8,190,32,5.9,183,13-21,8.7,2-15,7-50,4,1,3,0,0,0-0,0,4-26.8,92,1--3,4-95,2-0,5/5,4/4,1/1,2-2,2-2,0
20181007_DAL@HOU,20181007,DAL,27:45,14,6,8,0,4-14,1-1,292,60,4.9,98,29,3.4,194,18-29,6.7,2-14,7-72,1,0,1,0,2,0-0,2,5-34.2,22,2-22,0-0,1-0,4/4,1/1,3/3,1-2,1-1,0
20181007_DAL@HOU,20181007,HOU,32:15,25,4,18,3,5-15,0-1,462,76,6.1,88,31,2.8,374,33-44,8.5,1-1,5-25,1,0,1,0,2,2-1,1,3-39.3,29,2-29,0-0,2-0,5/6,1/1,4/5,1-6,1-5,0
20181008_WAS@NO,20181008,WAS,26:43,18,6,12,0,4-13,2-4,283,60,4.7,39,18,2.2,244,23-39,6.3,3-31,6-38,2,2,0,0,2,1-1,1,3-36.7,45,0-0,2-45,0-0,3/3,1/1,2/2,2-3,2-3,0
20181008_WAS@NO,20181008,NO,33:17,27,8,15,4,5-9,0-0,447,63,7.1,98,32,3.1,349,26-29,12.0,2-14,4-45,6,3,3,0,1,2-1,0,0-0.0,43,1-0,2-43,1-0,5/6,4/5,1/1,4-5,4-4,0
Gm,Date,Team,Time of Pos,1st Downs,Rushing,Passing,Penalty,3rd Down Conv,4th Down Conv,Total Net Yards,Total Plays,Avg Gain,Net Yards Rushing,Rush Attempts,Avg Rush Yards,Net Yards Passing,Comp. - Att.,Yards Per Pass,Sacked - Yards Lost,Penalties - Yards,Touchdowns,Rushing TDs,Passing TDs,Other,Turnovers,Fumbles - Lost,Int. Thrown,Punts - Avg,Return Yards,Punts - Returns,Kickoffs - Returns,Int. - Returns,Kicking,Extra Points,Field Goals,Red Zone Eff.,Goal to Go Eff.,Safeties
20181011_PHI@NYG,20181011,PHI,32:30,23,5,15,3,9-16,0-0,379,68,5.6,108,31,3.5,271,26-36,7.5,1-7,4-25,4,1,3,0,0,3-0,0,5-48.0,81,5-47,2-34,1-0,6/7,4/4,2/3,4-6,3-3,0
20181011_PHI@NYG,20181011,NYG,27:30,17,5,11,1,4-14,0-1,401,64,6.3,147,17,8.6,254,24-43,5.9,4-27,5-61,1,1,0,0,1,2-0,1,5-41.2,58,3-0,2-58,0-0,3/4,1/1,2/3,0-3,0-1,0
20181014_TB@ATL,20181014,TB,28:21,30,5,23,2,5-8,0-0,512,63,8.1,123,20,6.2,389,30-41,9.5,2-6,4-20,4,0,4,0,2,3-0,2,2-33.5,55,2-15,3-40,0-0,3/4,2/3,1/1,4-6,1-2,0
20181014_TB@ATL,20181014,ATL,31:39,26,6,19,1,8-13,0-0,416,64,6.5,70,22,3.2,346,31-41,8.4,1-8,5-30,4,1,3,0,0,2-0,0,4-41.3,33,2-14,1-19,2-0,6/6,4/4,2/2,3-3,2-2,0
20181014_PIT@CIN,20181014,PIT,34:56,26,7,16,3,8-14,0-0,481,67,7.2,112,21,5.3,369,32-46,8.0,0-0,9-69,3,2,1,0,0,1-0,0,4-41.5,70,2-22,2-48,0-0,4/4,2/2,2/2,2-4,2-3,0
20181014_PIT@CIN,20181014,CIN,25:04,19,5,13,1,6-12,0-0,275,58,4.7,62,13,4.8,213,26-42,5.1,3-16,6-30,3,1,2,0,0,0-0,0,6-41.3,128,1-6,3-122,0-0,3/3,3/3,0/0,3-3,1-1,0
20181014_LAC@CLE,20181014,LAC,31:37,24,15,7,2,1-9,0-0,449,58,7.7,246,36,6.8,203,12-21,9.7,1-12,10-72,5,3,2,0,1,2-0,1,5-31.4,83,3-36,2-47,2-0,6/6,5/5,1/1,3-4,2-3,0
20181014_LAC@CLE,20181014,CLE,28:23,18,4,13,1,6-16,1-3,317,72,4.4,103,21,4.9,214,22-46,4.7,5-24,6-53,1,0,1,0,2,1-0,2,6-34.3,171,4-51,5-120,1-0,2/2,0/0,2/2,1-3,1-2,0
20181014_BUF@HOU,20181014,BUF,33:00,12,4,8,0,6-15,0-0,229,58,3.9,100,27,3.7,129,16-29,4.4,2-16,12-104,1,0,1,0,3,2-1,2,6-39.3,51,3-8,3-43,2-0,3/3,1/1,2/2,1-2,0-1,0
20181014_BUF@HOU,20181014,HOU,27:00,15,3,9,3,3-13,0-0,216,57,3.8,74,24,3.1,142,15-26,5.5,7-35,6-50,1,0,1,0,3,3-1,2,5-39.0,7,3-7,0-0,2-0,4/4,2/2,2/2,1-4,0-1,0
20181014_CHI@MIA,20181014,CHI,28:39,23,8,11,4,8-12,0-1,467,64,7.3,164,31,5.3,303,22-31,9.8,2-13,6-58,4,1,3,0,3,2-2,1,2-39.5,21,1-5,1-16,2-0,4/5,4/4,0/1,2-4,0-2,0
20181014_CHI@MIA,20181014,MIA,31:21,23,6,15,2,8-17,0-0,541,75,7.2,161,31,5.2,380,28-44,8.6,0-0,7-67,3,0,3,0,3,1-1,2,4-34.3,0,0-0,0-0,1-0,5/5,2/2,3/3,1-3,1-2,0
20181014_ARI@MIN,20181014,ARI,25:45,16,5,9,2,0-10,0-2,269,55,4.9,61,20,3.1,208,21-31,6.7,4-32,5-30,2,1,0,1,2,1-1,1,6-43.7,77,3-17,3-60,1-0,3/3,2/2,1/1,1-3,1-2,0
20181014_ARI@MIN,20181014,MIN,34:15,20,8,12,0,5-14,0-1,411,70,5.9,195,32,6.1,216,24-34,6.4,4-17,9-52,3,2,1,0,2,1-1,1,5-41.6,43,3-26,1-17,1-0,5/5,3/3,2/2,2-3,1-1,0
20181014_IND@NYJ,20181014,IND,22:58,24,7,15,2,5-12,0-1,428,66,6.5,127,23,5.5,301,23-43,7.0,0-0,8-66,4,0,4,0,4,1-1,3,2-43.5,50,0-0,2-50,1-0,6/6,4/4,2/2,3-5,1-2,0
20181014_IND@NYJ,20181014,NYJ,37:02,18,5,12,1,6-15,0-0,374,68,5.5,107,36,3.0,267,24-30,8.9,2-13,7-49,2,0,2,0,2,3-1,1,1-43.0,75,1-6,3-69,3-0,10/10,3/3,7/7,1-6,1-1,0
20181014_SEA@OAK,20181014,SEA,31:26,19,6,11,2,9-13,0-0,369,61,6.0,155,37,4.2,214,17-23,9.3,1-8,8-64,3,0,3,0,1,1-0,1,2-43.0,23,1-0,2-23,0-0,5/5,3/3,2/2,3-5,1-1,0
20181014_SEA@OAK,20181014,OAK,28:34,15,5,8,2,4-12,0-1,185,56,3.3,79,19,4.2,106,23-31,3.4,6-36,5-38,0,0,0,0,2,3-2,0,3-30.7,0,0-0,0-0,1-0,1/2,0/0,1/2,0-1,0-0,0
20181014_CAR@WAS,20181014,CAR,24:36,22,7,15,0,3-9,0-1,350,59,5.9,81,18,4.5,269,27-40,6.7,1-6,8-55,2,0,2,0,3,3-2,1,3-34.3,37,1-0,2-37,0-0,1/2,0/1,1/1,1-3,1-1,0
20181014_CAR@WAS,20181014,WAS,35:24,18,7,10,1,7-16,1-2,288,67,4.3,132,28,4.7,156,21-36,4.3,3-7,5-43,2,0,2,0,0,1-0,0,4-41.0,34,1-10,2-24,1-0,5/5,2/2,3/3,1-2,1-1,0
20181014_LAR@DEN,20181014,LAR,35:10,24,13,9,2,8-17,1-1,444,72,6.2,270,39,6.9,174,14-28,6.2,5-27,10-81,2,2,0,0,1,0-0,1,3-40.0,60,2-29,1-31,1-0,5/6,2/2,3/4,2-5,1-2,0
20181014_LAR@DEN,20181014,DEN,24:50,23,3,14,6,3-10,0-1,357,60,6.0,60,17,3.5,297,25-41,7.2,2-25,6-61,2,0,2,0,1,1-0,1,4-35.0,48,0-0,2-48,1-0,4/4,2/2,2/2,2-4,1-1,0
20181014_JAC@DAL,20181014,JAC,21:10,10,3,7,0,4-11,0-1,204,47,4.3,65,18,3.6,139,15-26,5.3,3-10,4-30,1,0,1,0,2,1-1,1,6-36.5,29,2--2,1-31,0-0,1/1,1/1,0/0,0-0,0-0,0
20181014_JAC@DAL,20181014,DAL,38:50,23,11,10,2,7-17,2-2,378,72,5.3,206,42,4.9,172,17-27,6.4,3-11,3-25,4,2,2,0,0,2-0,0,3-41.7,9,2-9,0-0,1-0,8/8,4/4,4/4,4-5,1-2,0
20181014_BAL@TEN,20181014,BAL,37:34,23,9,13,1,12-17,1-1,361,72,5.0,123,35,3.5,238,25-37,6.4,0-0,10-70,3,2,1,0,1,0-0,1,4-43.8,70,4-50,1-20,0-0,3/3,3/3,0/0,3-3,2-2,0
20181014_BAL@TEN,20181014,TEN,22:26,7,1,5,1,1-10,0-0,106,40,2.7,55,14,3.9,51,10-15,3.4,11-66,4-35,0,0,0,0,0,1-0,0,9-36.1,20,1-0,1-20,1-0,0/0,0/0,0/0,0-0,0-0,0
20181014_KC@NE,20181014,KC,23:51,18,4,14,0,4-10,1-1,446,53,8.4,94,17,5.5,352,23-36,9.8,0-0,5-58,4,0,4,0,2,0-0,2,1-51.0,190,0-0,5-190,0-0,8/8,4/4,4/4,2-5,1-2,0
20181014_KC@NE,20181014,NE,36:09,31,15,14,2,7-13,0-1,500,75,6.7,173,38,4.6,327,24-35,9.3,2-13,0-0,4,3,1,0,1,2-1,0,0-0.0,30,0-0,1-30,2-0,9/9,4/4,5/5,4-6,3-5,0
20181015_SF@GB,20181015,SF,28:52,18,9,8,1,2-9,0-0,401,55,7.3,174,30,5.8,227,16-23,9.9,2-18,2-10,3,1,2,0,3,2-2,1,3-40.0,138,1-0,5-138,0-0,6/6,3/3,3/3,1-1,1-1,0
20181015_SF@GB,20181015,GB,31:08,26,8,17,1,4-13,1-2,521,70,7.4,116,21,5.5,405,25-46,8.8,3-20,6-54,3,1,2,0,0,0-0,0,4-33.8,47,1-6,2-41,1-0,7/7,3/3,4/4,3-6,1-2,0
Gm,Date,Team,Time of Pos,1st Downs,Rushing,Passing,Penalty,3rd Down Conv,4th Down Conv,Total Net Yards,Total Plays,Avg Gain,Net Yards Rushing,Rush Attempts,Avg Rush Yards,Net Yards Passing,Comp. - Att.,Yards Per Pass,Sacked - Yards Lost,Penalties - Yards,Touchdowns,Rushing TDs,Passing TDs,Other,Turnovers,Fumbles - Lost,Int. Thrown,Punts - Avg,Return Yards,Punts - Returns,Kickoffs - Returns,Int. - Returns,Kicking,Extra Points,Field Goals,Red Zone Eff.,Goal to Go Eff.,Safeties
20181018_DEN@ARI,20181018,DEN,30:49,15,6,8,1,5-13,0-0,309,55,5.6,131,31,4.2,178,15-22,8.1,2-11,5-50,4,2,2,0,1,0-0,1,6-40.7,61,3-23,2-38,3-0,7/7,6/6,1/1,1-2,1-1,0
20181018_DEN@ARI,20181018,ARI,29:11,14,4,8,2,4-14,0-1,223,66,3.4,69,21,3.3,154,21-39,3.9,6-40,7-45,1,0,1,0,5,3-2,3,6-46.8,94,2-17,5-77,1-0,2/2,1/1,1/1,1-1,1-1,0
20181021_TEN@LAC,20181021,TEN,35:23,23,7,16,0,9-15,1-1,390,67,5.8,164,33,5.0,226,24-32,7.1,2-11,4-32,2,1,1,0,1,0-0,1,2-44.5,156,1-0,5-156,0-0,3/4,1/1,2/3,2-5,2-3,0
20181021_TEN@LAC,20181021,LAC,24:37,14,2,12,0,4-9,0-0,344,44,7.8,47,16,2.9,297,19-26,11.4,2-9,4-31,2,0,2,0,0,0-0,0,3-38.3,61,2-14,2-47,1-0,4/4,2/2,2/2,0-2,0-0,0
20181021_NE@CHI,20181021,NE,29:51,21,5,15,1,6-13,1-1,381,64,6.0,108,27,4.0,273,25-36,7.6,1-4,7-64,4,0,3,1,3,3-2,1,4-33.5,182,2-3,4-179,2-0,6/6,5/5,1/1,3-4,2-2,0
20181021_NE@CHI,20181021,CHI,30:09,29,7,18,4,8-16,1-1,453,77,5.9,134,25,5.4,319,26-50,6.4,2-14,5-40,4,2,2,0,2,0-0,2,5-34.0,109,1-17,4-92,1-0,5/5,4/4,1/1,4-4,2-2,0
20181021_BUF@IND,20181021,BUF,26:41,15,6,9,0,2-9,0-1,303,55,5.5,135,22,6.1,168,20-31,5.4,2-7,7-59,0,0,0,0,5,2-2,3,4-46.3,48,0-0,3-48,0-0,1/1,0/0,1/1,0-1,0-0,1
20181021_BUF@IND,20181021,IND,33:19,22,11,10,1,7-13,1-2,376,60,6.3,220,37,5.9,156,17-23,6.8,0-0,4-35,5,1,4,0,0,1-0,0,4-47.0,0,0-0,0-0,3-0,3/5,2/4,1/1,3-4,1-1,0
20181021_HOU@JAC,20181021,HOU,29:35,15,7,7,1,8-16,0-0,272,62,4.4,141,37,3.8,131,12-24,5.5,1-8,6-35,2,1,1,0,0,2-0,0,6-39.3,0,2-0,0-0,1-0,4/4,2/2,2/2,2-3,1-1,0
20181021_HOU@JAC,20181021,JAC,30:25,15,4,11,0,9-19,0-1,259,68,3.8,70,22,3.2,189,27-42,4.5,4-28,2-15,1,0,1,0,3,3-2,1,6-39.0,26,1-21,1-5,0-0,1/1,1/1,0/0,1-1,1-1,0
20181021_CIN@KC,20181021,CIN,26:17,15,4,9,2,4-11,0-1,239,54,4.4,65,19,3.4,174,19-33,5.3,2-13,8-58,1,0,1,0,1,2-0,1,5-43.2,65,0-0,3-65,1-0,2/2,1/1,1/1,1-2,1-1,0
20181021_CIN@KC,20181021,KC,33:43,33,12,19,2,9-12,0-1,551,70,7.9,198,29,6.8,353,28-39,9.1,2-5,8-50,5,1,4,0,1,2-0,1,0-0.0,45,4-22,1-23,1-0,7/8,6/6,1/2,5-7,3-4,0
20181021_DET@MIA,20181021,DET,33:39,24,12,10,2,2-8,1-1,457,58,7.9,248,35,7.1,209,18-22,9.5,1-8,6-43,3,1,2,0,0,2-0,0,1-42.0,15,2-15,0-0,0-0,6/6,2/2,4/4,3-6,2-3,0
20181021_DET@MIA,20181021,MIA,26:21,19,4,12,3,6-11,0-0,322,54,6.0,107,19,5.6,215,22-31,6.9,4-24,4-50,3,1,2,0,0,0-0,0,4-41.8,93,1-19,3-74,0-0,3/4,3/3,0/1,1-1,1-1,0
20181021_MIN@NYJ,20181021,MIN,32:11,15,3,10,2,2-15,1-1,316,65,4.9,88,24,3.7,228,25-40,5.7,1-13,6-55,4,2,2,0,0,1-0,0,8-46.8,114,6-57,2-57,3-0,7/8,4/4,3/4,1-3,0-2,0
20181021_MIN@NYJ,20181021,NYJ,27:49,16,8,7,1,2-13,1-2,263,69,3.8,71,24,3.0,192,17-42,4.6,3-14,8-71,2,1,1,0,4,5-1,3,8-40.0,201,2-8,6-193,0-0,3/3,2/2,1/1,2-3,1-1,0
20181021_CAR@PHI,20181021,CAR,24:43,19,6,13,0,5-11,1-1,371,58,6.4,121,17,7.1,250,25-39,6.4,2-19,5-78,3,1,2,0,0,0-0,0,5-35.0,81,2-12,3-69,0-0,1/2,1/2,0/0,3-3,1-1,0
20181021_CAR@PHI,20181021,PHI,35:17,21,6,14,1,3-12,3-4,342,65,5.3,58,24,2.4,284,30-37,7.7,4-26,4-35,2,0,2,0,1,3-1,0,3-41.0,87,2-14,3-73,0-0,3/4,2/2,1/2,2-4,2-2,0
20181021_CLE@TB,20181021,CLE,26:48,17,7,8,2,3-14,0-2,305,62,4.9,119,23,5.2,186,23-34,5.5,5-29,14-114,3,1,2,0,1,2-1,0,9-45.0,88,2-46,2-42,2-0,3/3,3/3,0/0,3-5,1-2,1
20181021_CLE@TB,20181021,TB,33:12,34,8,20,6,6-13,1-1,456,88,5.2,114,32,3.6,342,32-52,6.6,4-23,8-65,3,3,0,0,4,3-2,2,4-30.3,20,4-20,0-0,0-0,4/6,2/3,2/3,3-3,2-2,0
20181021_NO@BAL,20181021,NO,33:31,26,12,12,2,6-14,4-5,339,70,4.8,134,39,3.4,205,22-30,6.8,1-7,6-52,3,1,2,0,1,1-1,0,2-40.0,28,1-12,1-16,0-0,4/4,3/3,1/1,3-4,3-3,0
20181021_NO@BAL,20181021,BAL,26:29,25,6,15,4,5-12,1-2,351,64,5.5,77,23,3.3,274,24-40,6.9,1-10,5-54,3,1,2,0,0,0-0,0,3-41.7,58,1-8,3-50,0-0,3/4,2/3,1/1,3-4,2-2,0
20181021_DAL@WAS,20181021,DAL,29:05,17,6,10,1,5-14,1-2,324,61,5.3,74,22,3.4,250,22-35,7.1,4-23,8-65,2,1,1,0,2,3-2,0,5-37.0,37,3-11,1-26,0-0,3/4,2/2,1/2,1-1,1-1,0
20181021_DAL@WAS,20181021,WAS,30:55,15,7,8,0,3-12,0-1,305,58,5.3,130,32,4.1,175,14-25,7.0,1-3,5-35,2,0,1,1,0,1-0,0,6-36.0,3,1-3,0-0,0-0,4/4,2/2,2/2,0-2,0-2,0
20181021_LAR@SF,20181021,LAR,32:51,20,10,10,0,5-12,0-0,331,61,5.4,146,35,4.2,185,18-24,7.7,2-17,1-10,4,2,2,0,0,1-0,0,4-29.0,83,2-36,2-47,2-0,7/7,4/4,3/3,4-7,2-2,1
20181021_LAR@SF,20181021,SF,27:09,16,8,8,0,3-11,0-1,228,58,3.9,107,24,4.5,121,15-27,4.5,7-49,2-10,1,0,1,0,4,3-2,2,5-24.8,27,1-6,1-21,0-0,2/2,1/1,1/1,1-2,1-1,0
20181022_NYG@ATL,20181022,NYG,27:43,21,6,15,0,5-12,0-1,433,62,7.0,61,20,3.1,372,27-38,9.8,4-27,4-58,2,1,1,0,0,1-0,0,4-40.8,111,2-29,4-82,0-0,2/2,0/0,2/2,2-5,2-3,0
20181022_NYG@ATL,20181022,ATL,32:17,22,5,15,2,7-13,0-0,423,62,6.8,67,20,3.4,356,31-39,9.1,3-23,5-29,2,1,1,0,1,1-1,0,3-34.7,22,0-0,1-22,0-0,5/5,2/2,3/3,0-0,0-0,0
Gm,Date,Team,Time of Pos,1st Downs,Rushing,Passing,Penalty,3rd Down Conv,4th Down Conv,Total Net Yards,Total Plays,Avg Gain,Net Yards Rushing,Rush Attempts,Avg Rush Yards,Net Yards Passing,Comp. - Att.,Yards Per Pass,Sacked - Yards Lost,Penalties - Yards,Touchdowns,Rushing TDs,Passing TDs,Other,Turnovers,Fumbles - Lost,Int. Thrown,Punts - Avg,Return Yards,Punts - Returns,Kickoffs - Returns,Int. - Returns,Kicking,Extra Points,Field Goals,Red Zone Eff.,Goal to Go Eff.,Safeties
20181025_MIA@HOU,20181025,MIA,31:09,18,6,11,1,4-13,0-1,370,65,5.7,116,25,4.6,254,22-38,6.7,2-15,5-63,2,1,1,0,1,0-0,1,4-43.8,109,2-29,3-80,0-0,5/5,2/2,3/3,1-2,0-0,0
20181025_MIA@HOU,20181025,HOU,28:51,17,8,8,1,6-12,1-1,427,55,7.8,188,35,5.4,239,16-20,12.0,0-0,8-57,6,1,5,0,0,0-0,0,5-32.4,13,1-13,0-0,1-0,6/6,6/6,0/0,4-4,3-3,0
20181028_PHI@JAC,20181028,PHI,32:38,22,7,15,0,7-12,0-0,395,62,6.4,133,28,4.8,262,21-30,8.7,4-24,4-36,3,0,3,0,2,1-1,1,3-41.3,28,1-0,2-28,0-0,4/4,3/3,1/1,1-2,1-2,0
20181028_PHI@JAC,20181028,JAC,27:22,16,5,10,1,6-14,1-2,335,62,5.4,70,17,4.1,265,24-41,6.5,4-21,5-45,1,0,1,0,1,2-1,0,2-48.0,60,2-31,1-29,1-0,4/4,0/0,4/4,1-3,0-1,0
20181028_BAL@CAR,20181028,BAL,25:59,20,8,11,1,6-12,1-2,325,64,5.1,101,18,5.6,224,26-44,5.1,2-14,9-68,3,1,2,0,3,1-1,2,3-44.0,62,1-23,1-39,0-0,3/3,3/3,0/0,2-2,0-0,0
20181028_BAL@CAR,20181028,CAR,34:01,22,7,14,1,6-12,1-1,386,63,6.1,154,33,4.7,232,22-30,7.7,0-0,4-30,4,2,2,0,0,1-0,0,3-38.0,35,2-21,1-14,2-0,6/6,3/3,3/3,4-5,1-1,0
20181028_NYJ@CHI,20181028,NYJ,27:16,12,3,8,1,3-14,1-1,207,54,3.8,57,24,2.4,150,14-29,5.2,1-3,8-45,1,0,1,0,0,1-0,0,8-37.6,8,1-8,0-0,0-0,2/2,1/1,1/1,1-1,0-0,0
20181028_NYJ@CHI,20181028,CHI,32:44,22,10,11,1,4-12,1-1,395,65,6.1,179,34,5.3,216,16-29,7.4,2-4,2-25,3,1,2,0,0,1-0,0,5-35.4,55,4-36,1-19,0-0,4/5,3/3,1/2,2-3,2-2,0
20181028_TB@CIN,20181028,TB,35:59,29,7,20,2,10-18,2-2,576,83,6.9,126,27,4.7,450,29-50,9.0,6-20,11-75,4,1,3,0,4,1-0,4,3-40.0,8,1-8,0-0,0-0,4/5,2/3,2/2,2-4,1-2,0
20181028_TB@CIN,20181028,CIN,24:01,21,8,13,0,5-13,1-2,402,63,6.4,138,27,5.1,264,21-34,7.8,2-16,4-46,4,2,2,0,0,0-0,0,6-42.5,60,2-29,2-31,4-0,5/6,4/5,1/1,4-4,2-2,0
20181028_SEA@DET,20181028,SEA,34:55,20,8,11,1,6-12,1-2,413,61,6.8,176,42,4.2,237,14-17,13.9,2-11,7-111,4,1,3,0,0,0-0,0,4-47.5,27,1-10,1-17,1-0,4/4,4/4,0/0,3-4,1-2,0
20181028_SEA@DET,20181028,DET,25:05,21,1,17,3,6-10,0-0,331,56,5.9,34,13,2.6,297,27-40,7.4,3-13,4-32,2,0,2,0,3,2-2,1,4-37.8,85,2-8,3-77,0-0,2/2,2/2,0/0,1-2,0-1,0
20181028_DEN@KC,20181028,DEN,32:41,22,10,11,1,4-12,1-1,411,69,6.0,189,30,6.3,222,23-34,6.5,5-40,10-83,3,1,2,0,2,3-1,1,4-40.0,82,2-13,3-69,1-0,3/4,2/2,1/2,2-3,2-2,0
20181028_DEN@KC,20181028,KC,27:19,20,2,15,3,3-10,1-1,340,54,6.3,49,18,2.7,291,24-34,8.6,2-12,7-50,4,0,4,0,1,0-0,1,5-32.6,102,3-15,4-87,1-0,4/5,3/4,1/1,3-4,1-2,0
20181028_WAS@NYG,20181028,WAS,33:38,20,6,10,4,6-15,0-0,360,65,5.5,182,33,5.5,178,20-32,5.6,0-0,8-90,2,1,1,0,1,1-1,0,5-45.6,20,0-0,2-20,2-0,4/5,2/2,2/3,1-3,1-1,0
20181028_WAS@NYG,20181028,NYG,26:22,18,1,15,2,2-14,3-4,303,68,4.5,37,14,2.6,266,30-47,5.7,7-50,11-102,1,0,1,0,2,0-0,2,5-44.0,48,4-18,1-30,0-0,3/3,1/1,2/2,1-4,1-2,0
20181028_CLE@PIT,20181028,CLE,27:48,17,5,9,3,3-13,1-1,237,59,4.0,74,21,3.5,163,22-36,4.5,2-17,7-52,2,0,2,0,1,0-0,1,5-37.8,88,2-26,3-62,1-0,2/4,0/1,2/3,1-2,1-1,0
20181028_CLE@PIT,20181028,PIT,32:12,25,10,14,1,6-13,1-1,421,68,6.2,168,31,5.4,253,24-36,7.0,1-4,8-60,4,2,2,0,2,3-1,1,4-37.5,69,3-46,2-23,1-0,5/5,4/4,1/1,2-2,1-1,1
20181028_IND@OAK,20181028,IND,36:30,28,11,13,4,9-13,0-0,461,71,6.5,222,40,5.6,239,22-31,7.7,0-0,10-77,5,2,3,0,0,0-0,0,1-47.0,27,1-10,1-17,0-0,6/6,4/4,2/2,3-5,2-2,0
20181028_IND@OAK,20181028,OAK,23:30,19,7,12,0,4-8,1-2,347,47,7.4,103,19,5.4,244,21-28,8.7,0-0,10-79,4,1,3,0,1,1-1,0,2-35.0,27,1--1,1-28,0-0,4/4,4/4,0/0,2-2,1-1,0
20181028_SF@ARI,20181028,SF,32:19,16,5,9,2,5-14,0-0,267,63,4.2,107,31,3.5,160,14-28,5.7,4-30,5-59,1,0,1,0,0,2-0,0,7-40.7,84,4-32,2-52,1-0,3/3,1/1,2/2,0-2,0-1,1
20181028_SF@ARI,20181028,ARI,27:41,20,3,15,2,6-14,0-0,321,64,5.0,88,21,4.2,233,23-40,5.8,3-19,9-62,2,0,2,0,2,1-1,1,5-39.4,0,0-0,0-0,0-0,2/2,1/1,1/1,2-3,1-1,0
20181028_GB@LAR,20181028,GB,25:50,16,5,11,0,2-9,0-0,359,52,6.9,106,19,5.6,253,18-30,8.4,3-33,2-10,3,2,1,0,1,1-1,0,5-38.4,81,1-13,3-68,0-0,5/5,3/3,2/2,1-1,1-1,0
20181028_GB@LAR,20181028,LAR,34:10,23,4,18,1,8-18,1-1,416,75,5.5,135,34,4.0,281,20-36,7.8,5-26,2-15,3,0,3,0,0,0-0,0,7-43.3,66,2-2,4-64,0-0,3/3,1/1,2/2,2-4,1-2,1
20181028_NO@MIN,20181028,NO,28:37,17,6,9,2,4-9,0-0,270,53,5.1,106,29,3.7,164,19-24,6.8,0-0,7-64,2,1,1,0,1,0-0,1,2-41.0,65,1-15,2-50,1-0,6/6,3/3,3/3,2-3,2-3,0
20181028_NO@MIN,20181028,MIN,31:23,27,4,19,4,5-10,2-3,423,67,6.3,85,22,3.9,338,31-41,8.2,4-21,6-54,3,1,2,0,2,2-1,1,2-33.0,41,1-4,2-37,1-0,2/3,2/3,0/0,3-4,3-3,0
20181029_NE@BUF,20181029,NE,31:50,22,6,15,1,5-14,0-0,387,72,5.4,76,25,3.0,311,29-45,6.9,2-13,5-33,1,1,0,0,0,1-0,0,4-28.8,21,0-0,1-21,1-0,5/6,1/1,4/5,1-3,1-3,0
20181029_NE@BUF,20181029,BUF,28:10,16,3,13,0,4-14,0-2,333,63,5.3,46,19,2.4,287,24-41,7.0,3-26,6-51,0,0,0,0,2,3-1,1,5-31.6,96,2-33,3-63,0-0,2/2,0/0,2/2,0-0,0-0,0
Gm,Date,Team,Time of Pos,1st Downs,Rushing,Passing,Penalty,3rd Down Conv,4th Down Conv,Total Net Yards,Total Plays,Avg Gain,Net Yards Rushing,Rush Attempts,Avg Rush Yards,Net Yards Passing,Comp. - Att.,Yards Per Pass,Sacked - Yards Lost,Penalties - Yards,Touchdowns,Rushing TDs,Passing TDs,Other,Turnovers,Fumbles - Lost,Int. Thrown,Punts - Avg,Return Yards,Punts - Returns,Kickoffs - Returns,Int. - Returns,Kicking,Extra Points,Field Goals,Red Zone Eff.,Goal to Go Eff.,Safeties
20181101_OAK@SF,20181101,OAK,31:26,14,5,9,0,3-12,0-1,248,55,4.5,102,23,4.4,146,17-25,5.8,7-33,6-40,0,0,0,0,0,2-0,0,6-35.5,51,0-0,2-51,0-0,1/2,0/0,1/2,0-1,0-0,0
20181101_OAK@SF,20181101,SF,28:34,18,6,10,2,5-12,0-0,405,54,7.5,143,32,4.5,262,16-22,11.9,0-0,3-23,4,1,3,0,0,1-0,0,3-48.0,6,2-6,0-0,0-0,6/6,4/4,2/2,2-4,2-3,0
20181104_PIT@BAL,20181104,PIT,36:29,27,8,18,1,10-16,1-1,395,76,5.2,113,27,4.2,282,29-48,5.9,1-10,8-103,3,1,2,0,0,0-0,0,4-30.8,48,3-17,1-31,0-0,3/4,2/3,1/1,3-4,2-3,0
20181104_PIT@BAL,20181104,BAL,23:31,18,5,10,3,4-12,0-1,268,56,4.8,61,16,3.8,207,24-38,5.4,2-14,5-25,1,1,0,0,0,1-0,0,4-38.0,58,2-27,1-31,0-0,4/4,1/1,3/3,1-4,1-2,0
20181104_CHI@BUF,20181104,CHI,25:57,11,4,5,2,3-11,0-0,190,46,4.1,64,25,2.6,126,12-20,6.3,1-9,14-129,4,2,1,1,1,2-0,1,5-37.4,48,3-48,0-0,3-0,7/7,5/5,2/2,3-4,2-2,0
20181104_CHI@BUF,20181104,BUF,34:03,22,6,9,7,6-18,1-3,264,81,3.3,97,28,3.5,167,31-49,3.4,4-22,10-163,1,1,0,0,4,1-1,3,5-28.0,13,2-13,0-0,1-0,1/1,0/0,1/1,1-1,1-1,0
20181104_TB@CAR,20181104,TB,29:00,23,3,17,3,5-12,1-2,301,65,4.6,82,21,3.9,219,24-41,5.3,3-24,8-49,4,0,4,0,2,1-0,2,5-43.8,40,2-15,1-25,0-0,4/4,4/4,0/0,3-3,2-2,0
20181104_TB@CAR,20181104,CAR,31:00,22,8,11,3,4-10,0-1,407,59,6.9,179,32,5.6,228,19-25,9.1,2-19,9-84,6,4,2,0,0,1-0,0,4-46.3,12,1-12,0-0,2-0,6/6,6/6,0/0,5-5,4-4,0
20181104_KC@CLE,20181104,KC,29:09,27,10,15,2,6-10,0-0,499,58,8.6,139,24,5.8,360,23-32,11.3,2-15,11-86,5,2,3,0,1,0-0,1,2-31.0,53,0-0,2-53,1-0,5/6,4/5,1/1,4-4,2-2,0
20181104_KC@CLE,20181104,CLE,30:51,26,6,17,3,5-13,2-3,388,70,5.5,102,25,4.1,286,30-43,6.7,2-22,4-20,3,1,2,0,1,0-0,1,2-19.5,17,1-1,1-16,1-0,1/1,0/0,1/1,3-3,2-2,0
20181104_NYJ@MIA,20181104,NYJ,31:34,15,5,8,2,2-13,0-2,282,64,4.4,80,21,3.8,202,21-39,5.2,4-27,5-45,0,0,0,0,4,0-0,4,6-40.0,17,2-17,0-0,0-0,2/3,0/0,2/3,0-0,0-0,0
20181104_NYJ@MIA,20181104,MIA,28:26,7,1,6,0,3-16,2-2,168,55,3.1,64,27,2.4,104,15-24,4.3,4-35,5-55,0,0,0,0,0,0-0,0,9-42.8,61,3-37,1-24,4-0,3/3,1/1,2/2,0-1,0-0,0
20181104_DET@MIN,20181104,DET,36:45,18,4,13,1,4-15,3-3,214,70,3.1,71,24,3.0,143,25-36,4.0,10-56,8-66,0,0,0,0,1,1-1,0,5-39.6,58,0-0,3-58,1-0,3/3,0/0,3/3,0-3,0-1,0
20181104_DET@MIN,20181104,MIN,23:15,17,3,10,4,3-8,1-1,283,46,6.2,128,23,5.6,155,18-22,7.0,1-9,3-15,3,1,1,1,2,1-1,1,4-40.8,39,1-24,1-15,0-0,4/4,3/3,1/1,2-3,2-2,0
20181104_ATL@WAS,20181104,ATL,32:56,25,6,17,2,10-13,0-0,491,64,7.7,154,24,6.4,337,26-38,8.9,2-13,7-50,5,1,4,0,1,0-0,1,2-51.5,4,1-4,0-0,1-0,6/6,5/5,1/1,2-3,1-1,0
20181104_ATL@WAS,20181104,WAS,27:04,20,5,15,0,5-13,2-2,366,64,5.7,79,15,5.3,287,30-46,6.2,3-19,10-147,2,1,1,0,1,0-0,1,5-48.2,95,1-0,5-95,1-0,2/2,2/2,0/0,2-2,2-2,0
20181104_HOU@DEN,20181104,HOU,32:29,17,4,11,2,4-13,0-1,290,61,4.8,98,33,3.0,192,17-24,8.0,4-21,7-60,2,0,2,0,0,0-0,0,6-48.3,16,2-16,0-0,0-0,3/4,1/2,2/2,2-4,0-0,0
20181104_HOU@DEN,20181104,DEN,27:31,19,5,13,1,5-14,2-2,348,64,5.4,75,20,3.8,273,26-42,6.5,2-17,8-50,2,1,1,0,1,1-1,0,5-44.0,17,6-17,0-0,0-0,3/5,2/2,1/3,2-2,1-1,0
20181104_LAC@SEA,20181104,LAC,24:19,18,6,11,1,2-9,0-0,375,50,7.5,160,22,7.3,215,13-26,8.3,2-13,12-105,3,1,2,0,0,1-0,0,6-42.3,39,4-17,2-22,1-0,1/4,1/3,0/1,1-1,0-0,0
20181104_LAC@SEA,20181104,SEA,35:41,25,11,10,4,4-15,3-3,356,75,4.7,154,32,4.8,202,26-39,5.2,4-33,10-83,2,0,2,0,1,1-0,1,6-50.0,73,3-4,3-69,0-0,3/4,2/2,1/2,2-3,2-3,0
20181104_LAR@NO,20181104,LAR,26:19,23,5,17,1,3-8,0-2,483,59,8.2,92,19,4.8,391,28-40,9.8,0-0,4-32,4,1,3,0,1,0-0,1,1-47.0,88,0-0,3-88,0-0,5/6,3/3,2/3,3-5,2-2,0
20181104_LAR@NO,20181104,NO,33:41,31,10,19,2,7-12,2-2,487,70,7.0,141,34,4.1,346,25-36,9.6,0-0,2-20,6,2,4,0,1,1-1,0,2-33.5,49,0-0,2-49,1-0,7/7,6/6,1/1,5-5,2-2,0
20181104_GB@NE,20181104,GB,32:34,22,6,14,2,6-13,0-1,368,69,5.3,118,25,4.7,250,24-43,5.8,1-9,7-63,2,0,2,0,1,2-1,0,5-42.0,43,0-0,2-43,0-0,3/3,2/2,1/1,2-3,2-3,0
20181104_GB@NE,20181104,NE,27:26,28,11,13,4,4-11,0-1,433,69,6.3,123,31,4.0,310,23-36,8.6,2-21,5-30,4,3,1,0,0,0-0,0,3-49.7,64,1-0,2-64,0-0,5/5,4/4,1/1,3-5,2-4,0
20181105_TEN@DAL,20181105,TEN,34:26,24,11,11,2,11-14,0-0,340,69,4.9,125,36,3.5,215,21-29,7.4,4-25,3-20,4,2,2,0,2,2-2,0,1-38.0,34,3-11,1-23,1-0,4/5,4/4,0/1,4-5,1-2,0
20181105_TEN@DAL,20181105,DAL,25:34,18,5,12,1,5-11,0-1,297,56,5.3,72,19,3.8,225,21-32,7.0,5-18,6-52,2,0,2,0,2,1-1,1,3-41.0,30,1-7,1-23,0-0,2/3,2/2,0/1,1-4,1-2,0
